{"iteration":10000,"_wandb":{"runtime":331},"iter_time":34.732032775878906,"scene/opacity_histogram":{"bins":[0.0033237054012715816,0.03445844724774361,0.0655931904911995,0.09672793000936508,0.12786267697811127,0.15899741649627686,0.19013215601444244,0.22126689553260803,0.2524016499519348,0.2835363745689392,0.314671128988266,0.3458058536052704,0.37694060802459717,0.40807533264160156,0.43921008706092834,0.47034481167793274,0.5014795660972595,0.5326143503189087,0.5637490749359131,0.5948837995529175,0.6260185837745667,0.657153308391571,0.6882880330085754,0.7194227576255798,0.750557541847229,0.7816922664642334,0.8128269910812378,0.843961775302887,0.8750964999198914,0.9062312245368958,0.9373659491539001,0.9685007333755493,0.9996354579925537],"_type":"histogram","values":[27611,34855,33485,28968,22947,18063,14009,11516,9198,7452,6250,5250,4396,3624,3151,2648,2273,1995,1728,1428,1278,1021,961,813,705,544,507,376,268,214,107,60]},"_step":10003,"total_points":247701,"_runtime":331.194291931,"total_run_time":330.5052011013031,"train_loss_patches/total_loss":0.030596693977713585,"_timestamp":1.732810420619393e+09,"train/loss_viewpoint - psnr":30.191887283325197,"train/loss_viewpoint - l1_loss":0.01947859637439251,"test/loss_viewpoint - l1_loss":0.02110759325325489,"test/loss_viewpoint - psnr":29.397495193481447,"train_loss_patches/l1_loss":0.014942865818738937}