{"total_run_time":1084.7215268611908,"test/loss_viewpoint - l1_loss":0.015054727233946325,"_wandb":{"runtime":1086},"_runtime":1085.981184211,"iter_time":31.42963218688965,"train_loss_patches/l1_loss":0.011196923442184925,"train/loss_viewpoint - psnr":31.188365173339847,"_step":30006,"total_points":488072,"test/loss_viewpoint - psnr":31.608596801757812,"train_loss_patches/total_loss":0.018295392394065857,"train/loss_viewpoint - l1_loss":0.014160224050283433,"_timestamp":1.7327455806821823e+09,"iteration":30000,"scene/opacity_histogram":{"_type":"histogram","values":[94870,64938,48057,37361,29380,24110,19704,16607,14022,11810,10346,9129,7885,7185,6419,5852,5333,4893,4422,4144,3867,3666,3429,3278,3246,3296,3268,3249,3481,4108,5702,21015],"bins":[0.002014773664996028,0.03320181369781494,0.06438884884119034,0.09557588398456573,0.12676292657852173,0.15794996917247772,0.18913699686527252,0.22032403945922852,0.2515110969543457,0.2826981246471405,0.3138851821422577,0.3450722098350525,0.3762592375278473,0.4074462950229645,0.4386333227157593,0.46982038021087646,0.5010073781013489,0.5321944355964661,0.5633814334869385,0.5945684909820557,0.6257555484771729,0.6569425463676453,0.6881296038627625,0.7193166613578796,0.750503659248352,0.7816907167434692,0.8128777742385864,0.8440648317337036,0.875251829624176,0.9064388871192932,0.9376259446144104,0.9688129425048828,1]}}