{"train/loss_viewpoint - l1_loss":0.01443996299058199,"scene/opacity_histogram":{"bins":[0.0020577709656208754,0.033243466168642044,0.0644291564822197,0.09561485052108765,0.1268005520105362,0.15798623859882355,0.1891719400882721,0.22035764157772064,0.2515433132648468,0.28272899985313416,0.3139146864414215,0.34510040283203125,0.3762860894203186,0.40747177600860596,0.4386574923992157,0.46984317898750305,0.5010288953781128,0.5322145819664001,0.5634002685546875,0.5945859551429749,0.6257716417312622,0.6569573879241943,0.6881430745124817,0.719328761100769,0.7505144476890564,0.7817001342773438,0.8128858208656311,0.8440715074539185,0.8752572536468506,0.9064429402351379,0.9376286268234253,0.9688143134117126,1],"_type":"histogram","values":[43238,32627,23765,19129,15944,13573,11865,10485,9298,8129,7208,6338,5600,4959,4567,4077,3624,3346,3021,2886,2686,2475,2227,2180,2173,2018,2054,2127,2284,2519,3473,12835]},"test/loss_viewpoint - l1_loss":0.017941169515252115,"_step":30006,"test/loss_viewpoint - psnr":30.51401840209961,"iter_time":32.70451354980469,"train_loss_patches/l1_loss":0.012902534566819668,"total_points":272730,"train_loss_patches/total_loss":0.02724047377705574,"train/loss_viewpoint - psnr":32.56462097167969,"total_run_time":1012.515855550766,"_runtime":1013.34088964,"iteration":30000,"_wandb":{"runtime":1013},"_timestamp":1.7328077707081828e+09}