{"_runtime":19.405761848,"_wandb":{"runtime":19},"iteration":100,"train_loss_patches/total_loss":0.10214695334434509,"train_loss_patches/l1_loss":0.068050317466259,"iter_time":42.11507034301758,"_timestamp":1.7332613656235821e+09,"_step":100,"total_run_time":18.18579363822937}