{"train_loss_patches/total_loss":0.017062265425920486,"_step":30006,"test/loss_viewpoint - psnr":30.660971374511718,"_timestamp":1.7327427522236986e+09,"test/loss_viewpoint - l1_loss":0.018047495149075984,"total_points":438773,"iter_time":31.734783172607422,"train/loss_viewpoint - psnr":31.6906795501709,"iteration":30000,"_runtime":1059.963726863,"train/loss_viewpoint - l1_loss":0.014856480062007904,"_wandb":{"runtime":1059},"scene/opacity_histogram":{"bins":[0.0018903922755271196,0.03308131545782089,0.06427223980426788,0.09546316415071487,0.12665408849716187,0.15784502029418945,0.18903593719005585,0.22022685408592224,0.25141778588294983,0.2826087176799774,0.313799649477005,0.3449905514717102,0.3761814832687378,0.4073724150657654,0.4385633170604706,0.46975424885749817,0.5009452104568481,0.5321361422538757,0.5633270740509033,0.5945180058479309,0.6257089376449585,0.6568998098373413,0.6880907416343689,0.7192816734313965,0.7504726052284241,0.7816635370254517,0.8128544688224792,0.8440454006195068,0.8752362728118896,0.9064272046089172,0.9376181364059448,0.9688090682029724,1],"_type":"histogram","values":[78608,50158,36981,29706,24787,20576,17628,15244,13507,11807,10772,9793,8809,7986,7185,6746,6143,5728,5292,4975,4593,4430,4100,3992,3939,3694,3634,3689,3941,4421,5888,20021]},"total_run_time":1059.210163116455,"train_loss_patches/l1_loss":0.010642312467098236}