{"total_run_time":724.2810249328613,"iteration":10000,"iter_time":66.08895874023438,"train/loss_viewpoint - l1_loss":0.01925599351525307,"_runtime":725.366139538,"test/loss_viewpoint - l1_loss":0.02313934365908305,"scene/opacity_histogram":{"values":[23545,35812,36172,30820,25042,20031,15833,12700,10203,8589,7328,6035,5016,4321,3731,3232,2906,2588,2236,2027,1728,1598,1428,1207,1079,954,836,658,552,440,285,212],"bins":[0.004247147124260664,0.03536286950111389,0.06647859513759613,0.09759431332349777,0.1287100464105606,0.15982575714588165,0.1909414827823639,0.22205720841884613,0.25317293405532837,0.2842886745929718,0.31540438532829285,0.3465201258659363,0.3776358366012573,0.40875157713890076,0.4398672878742218,0.47098302841186523,0.5020987391471863,0.5332144498825073,0.5643301606178284,0.5954458713531494,0.6265615820884705,0.6576773524284363,0.6887930631637573,0.7199087738990784,0.7510244846343994,0.7821401953697205,0.8132559657096863,0.8443716764450073,0.8754873871803284,0.9066030979156494,0.9377188682556152,0.9688345789909363,0.9999502897262573],"_type":"histogram"},"total_points":269144,"_step":10003,"train_loss_patches/l1_loss":0.02264496125280857,"_timestamp":1.7328123794572725e+09,"train_loss_patches/total_loss":0.03543853387236595,"train/loss_viewpoint - psnr":29.457189559936523,"_wandb":{"runtime":725},"test/loss_viewpoint - psnr":27.905646896362303}