{"test/loss_viewpoint - psnr":29.25646692911784,"_step":30006,"train/loss_viewpoint - psnr":31.706356811523438,"_wandb":{"runtime":2207},"test/loss_viewpoint - l1_loss":0.019178807300825912,"total_run_time":2206.712058544159,"train_loss_patches/l1_loss":0.019056517630815506,"train/loss_viewpoint - l1_loss":0.013914315216243268,"iter_time":61.014015197753906,"total_points":292031,"_timestamp":1.7327479029164817e+09,"train_loss_patches/total_loss":0.034724894911050797,"scene/opacity_histogram":{"_type":"histogram","values":[37674,30221,25053,21309,18342,15990,13430,11960,10272,8938,7894,6850,6443,5633,5058,4462,4106,3830,3498,3268,3110,2900,2744,2718,2582,2366,2529,2540,2825,3169,4343,15974],"bins":[0.0025650947354733944,0.03373493626713753,0.06490477919578552,0.09607461839914322,0.12724445760250092,0.1584143042564392,0.1895841509103775,0.2207539826631546,0.2519238293170929,0.28309366106987,0.3142634928226471,0.3454333245754242,0.3766031861305237,0.4077730178833008,0.4389428496360779,0.47011271119117737,0.5012825727462769,0.532452404499054,0.563622236251831,0.5947920680046082,0.6259618997573853,0.6571317315101624,0.6883015632629395,0.7194714546203613,0.7506412863731384,0.7818111181259155,0.8129809498786926,0.8441507816314697,0.8753206133842468,0.9064905047416687,0.9376603364944458,0.9688301682472229,1]},"_runtime":2207.40719925,"iteration":30000}