{"_runtime":3220.059947084,"scene/opacity_histogram":{"bins":[0.002154270652681589,0.03333694860339165,0.06451962888240814,0.09570230543613434,0.12688498198986053,0.15806767344474792,0.18925034999847412,0.22043302655220032,0.2516157031059265,0.2827983796596527,0.3139810562133789,0.3451637327671051,0.3763464093208313,0.4075290858745575,0.4387117624282837,0.4698944389820099,0.5010771155357361,0.5322598218917847,0.5634425282478333,0.5946251749992371,0.6258078813552856,0.6569905281066895,0.688173234462738,0.7193558812141418,0.7505385875701904,0.7817212343215942,0.8129039406776428,0.8440865874290466,0.8752692937850952,0.906451940536499,0.9376346468925476,0.9688172936439514,1],"_type":"histogram","values":[56489,41549,31934,26053,22011,18932,16498,14622,12974,11570,10669,9735,8705,8186,7336,6930,6356,6088,5630,5158,4955,4658,4470,4218,4189,4131,4074,4138,4361,4835,6448,21619]},"iteration":30000,"iter_time":91.31520080566406,"train/loss_viewpoint - l1_loss":0.013144645281136036,"train/loss_viewpoint - psnr":33.17585411071777,"_timestamp":1.7327313968447337e+09,"_wandb":{"runtime":3220},"train_loss_patches/total_loss":0.025723369792103767,"total_run_time":3219.031000852585,"train_loss_patches/l1_loss":0.014385098591446877,"_step":30004,"total_points":399521}