{"scene/opacity_histogram":{"_type":"histogram","values":[52924,41491,32293,26581,21926,18374,15592,13001,11073,9362,8291,7166,6369,5635,4961,4486,4025,3622,3398,3188,3057,2800,2518,2507,2488,2458,2417,2616,2743,3157,4157,15370],"bins":[0.002062692539766431,0.033248234540224075,0.06443377584218979,0.0956193208694458,0.12680485844612122,0.15799039602279663,0.18917594850063324,0.22036148607730865,0.2515470087528229,0.2827325463294983,0.3139180839061737,0.3451036214828491,0.3762891888618469,0.40747472643852234,0.43866026401519775,0.46984580159187317,0.5010313391685486,0.5322169065475464,0.5634024143218994,0.5945879817008972,0.6257734894752502,0.656959056854248,0.6881445646286011,0.7193301320075989,0.7505156993865967,0.7817012071609497,0.8128867745399475,0.8440722823143005,0.8752578496932983,0.9064433574676514,0.9376289248466492,0.9688144326210022,1]},"iteration":30000,"train_loss_patches/total_loss":0.03474743664264679,"train/loss_viewpoint - psnr":31.893619537353516,"_wandb":{"runtime":1026},"test/loss_viewpoint - l1_loss":0.019112660363316537,"_runtime":1026.210052109,"total_run_time":1025.0882267951965,"_timestamp":1.732824621687138e+09,"train/loss_viewpoint - l1_loss":0.013511972688138486,"iter_time":27.652095794677734,"_step":30006,"test/loss_viewpoint - psnr":29.36524861653646,"train_loss_patches/l1_loss":0.01862587220966816,"total_points":340046}