{"total_run_time":1007.3022537231445,"iter_time":31.23302459716797,"test/loss_viewpoint - l1_loss":0.015917473956942558,"_runtime":1008.02927158,"train/loss_viewpoint - psnr":33.507582092285155,"_timestamp":1.7328090762879238e+09,"total_points":331008,"_step":30006,"scene/opacity_histogram":{"_type":"histogram","values":[54015,36376,27274,22396,18989,16228,14287,12505,11023,9697,8693,7963,7200,6476,5821,5247,4740,4506,4154,3829,3522,3320,3113,2839,2826,2803,2651,2677,2853,3252,4336,15397],"bins":[0.002133529167622328,0.033316854387521744,0.06450018286705017,0.0956835076212883,0.12686683237552643,0.15805016458034515,0.18923349678516388,0.2204168140888214,0.25160014629364014,0.2827834486961365,0.3139667809009552,0.3451501131057739,0.37633344531059265,0.4075167775154114,0.4387000799179077,0.46988341212272644,0.5010667443275452,0.5322501063346863,0.5634334087371826,0.5946167707443237,0.6258000731468201,0.6569834351539612,0.6881667375564575,0.7193500399589539,0.750533401966095,0.7817167043685913,0.8129000663757324,0.8440833687782288,0.8752666711807251,0.9064500331878662,0.9376333355903625,0.9688166975975037,1]},"_wandb":{"runtime":1008},"train_loss_patches/total_loss":0.023449789732694626,"test/loss_viewpoint - psnr":31.53890769958496,"train/loss_viewpoint - l1_loss":0.012883022613823415,"train_loss_patches/l1_loss":0.012830971740186214,"iteration":30000}