{"_runtime":268.520155784,"_step":1781,"_wandb":{"runtime":268},"iteration":1782,"train_loss_patches/l1_loss":0.036806073039770126,"train_loss_patches/total_loss":0.04961547628045082,"iter_time":128.69529724121094,"_timestamp":1.7326606108183513e+09}