{"scene/opacity_histogram":{"_type":"histogram","values":[70998,77830,63092,48627,37666,29441,23149,18138,14599,12030,9971,8080,6798,5764,4664,4073,3524,3107,2726,2374,2016,1904,1713,1478,1361,1160,1096,908,787,628,423,151],"bins":[0.0031255451031029224,0.03425592929124832,0.0653863176703453,0.0965166985988617,0.12764708697795868,0.15877747535705566,0.18990784883499146,0.22103823721408844,0.2521686255931854,0.2832989990711212,0.3144294023513794,0.3455597758293152,0.376690149307251,0.40782055258750916,0.43895092606544495,0.4700813293457031,0.5012117028236389,0.5323420763015747,0.5634724497795105,0.5946028828620911,0.6257332563400269,0.6568636298179626,0.6879940032958984,0.7191243767738342,0.75025475025177,0.7813851833343506,0.8125155568122864,0.8436459302902222,0.874776303768158,0.9059066772460938,0.9370371103286743,0.9681674838066101,0.9992978572845459]},"_runtime":360.401870137,"train_loss_patches/total_loss":0.022396914660930634,"_timestamp":1.7328115597070744e+09,"train/loss_viewpoint - psnr":28.06353645324707,"iteration":10000,"_step":10003,"total_run_time":359.65064668655396,"iter_time":34.321407318115234,"test/loss_viewpoint - l1_loss":0.020415984950959684,"_wandb":{"runtime":360},"train_loss_patches/l1_loss":0.013433788903057575,"train/loss_viewpoint - l1_loss":0.021244761720299724,"test/loss_viewpoint - psnr":29.40015434265137,"total_points":460276}