{"_timestamp":1.7328131964633224e+09,"total_run_time":336.44653511047363,"test/loss_viewpoint - l1_loss":0.01930543627589941,"_wandb":{"runtime":337},"iter_time":33.49913787841797,"total_points":305389,"scene/opacity_histogram":{"bins":[0.0036256262101233006,0.034762315452098846,0.06589899957180023,0.09703568369150162,0.1281723827123642,0.15930907428264618,0.19044575095176697,0.22158244252204895,0.25271913409233093,0.2838558256626129,0.3149925172328949,0.3461292088031769,0.3772658705711365,0.40840256214141846,0.43953925371170044,0.4706759452819824,0.5018126368522644,0.5329493284225464,0.5640860199928284,0.5952227115631104,0.6263594031333923,0.6574960947036743,0.6886327862739563,0.7197694778442383,0.7509061098098755,0.7820428013801575,0.8131794929504395,0.8443161845207214,0.8754528760910034,0.9065895676612854,0.9377262592315674,0.9688629508018494,0.9999996423721313],"_type":"histogram","values":[37275,44465,38861,31492,25535,20933,16655,14005,11411,9240,7906,6801,5739,4893,4350,3788,3300,2883,2593,2220,1975,1728,1498,1333,1151,894,809,593,492,304,158,109]},"train_loss_patches/total_loss":0.027461370453238487,"_runtime":337.611072877,"train/loss_viewpoint - l1_loss":0.017704405263066294,"train_loss_patches/l1_loss":0.014757746830582619,"test/loss_viewpoint - psnr":30.134183197021486,"iteration":10000,"train/loss_viewpoint - psnr":31.18624267578125,"_step":10003}