{"test/loss_viewpoint - psnr":30.948645172119143,"_wandb":{"runtime":3140},"train/loss_viewpoint - l1_loss":0.013259008154273035,"test/loss_viewpoint - l1_loss":0.01727703407406807,"_runtime":3140.529532065,"scene/opacity_histogram":{"_type":"histogram","values":[47112,31939,24434,20475,17385,15045,13348,12096,10585,9655,8529,7745,7136,6654,6012,5435,5037,4616,4280,4070,3683,3476,3279,3154,3027,2978,2898,2874,3111,3551,4767,17267],"bins":[0.0024800156243145466,0.03365251049399376,0.06482500582933426,0.09599749743938446,0.12716999650001526,0.15834249556064606,0.18951497972011566,0.22068747878074646,0.25185999274253845,0.28303247690200806,0.31420499086380005,0.34537747502326965,0.37654995918273926,0.40772247314453125,0.43889495730400085,0.47006747126579285,0.5012399554252625,0.5324124693870544,0.5635849237442017,0.5947574377059937,0.6259299516677856,0.6571024060249329,0.6882749199867249,0.7194474339485168,0.7506198883056641,0.781792402267456,0.812964916229248,0.84413743019104,0.8753098845481873,0.9064823985099792,0.9376549124717712,0.9688273668289185,0.9999998807907104]},"train_loss_patches/l1_loss":0.013691811822354794,"_timestamp":1.7327361377392461e+09,"train/loss_viewpoint - psnr":33.277676010131835,"train_loss_patches/total_loss":0.025199806317687035,"total_run_time":3139.508253097534,"total_points":315653,"_step":30006,"iteration":30000,"iter_time":102.47885131835938}